Workbook

Sheet Service Adoption
A1: Sharjah Digital Department — Digital Services Adoption
A2: Illustrative synthetic data for a Microsoft 365 Copilot demo — not official SDD figures. Jan–Jun 2026.
A4: Month | B4: Service | C4: Category | D4: Primary Channel | E4: Total Transactions | F4: Digital Transactions | G4: Digital Adoption % | H4: Avg Processing Time (mins) | I4: Citizen Satisfaction %
A5: Jan 2026 | B5: Business License Renewal | C5: Business | D5: Mobile App | E5: 4200 | F5: 3276 | G5: =F5/E5 -> 0.78 | H5: 22 | I5: 0.88
A6: Jan 2026 | B6: Traffic Fine Payment | C6: Citizens | D6: Mobile App | E6: 9800 | F6: 8820 | G6: =F6/E6 -> 0.9 | H6: 4 | I6: 0.92
A7: Jan 2026 | B7: Real Estate Registration | C7: Real Estate | D7: Web Portal | E7: 2600 | F7: 1716 | G7: =F7/E7 -> 0.66 | H7: 35 | I7: 0.84
A8: Jan 2026 | B8: Utility Bill Payment | C8: Utilities | D8: Mobile App | E8: 15400 | F8: 14322 | G8: =F8/E8 -> 0.93 | H8: 3 | I8: 0.94
A9: Jan 2026 | B9: Social Support Application | C9: Social Services | D9: Service Centre | E9: 1800 | F9: 972 | G9: =F9/E9 -> 0.54 | H9: 48 | I9: 0.8
A10: Jan 2026 | B10: Health Card Renewal | C10: Health | D10: Web Portal | E10: 3300 | F10: 2343 | G10: =F10/E10 -> 0.71 | H10: 18 | I10: 0.86
A11: Jan 2026 | B11: Workspace Booking | C11: Government | D11: Web Portal | E11: 1200 | F11: 1056 | G11: =F11/E11 -> 0.88 | H11: 6 | I11: 0.9
A12: Jan 2026 | B12: Digital Signature Request | C12: Government | D12: Mobile App | E12: 2100 | F12: 1722 | G12: =F12/E12 -> 0.82 | H12: 9 | I12: 0.89
A13: Feb 2026 | B13: Business License Renewal | C13: Business | D13: Mobile App | E13: 4326 | F13: 3426 | G13: =F13/E13 -> 0.79195562 | H13: 21.6 | I13: 0.884
A14: Feb 2026 | B14: Traffic Fine Payment | C14: Citizens | D14: Mobile App | E14: 10094 | F14: 9206 | G14: =F14/E14 -> 0.91202695 | H14: 3.9 | I14: 0.924
A15: Feb 2026 | B15: Real Estate Registration | C15: Real Estate | D15: Web Portal | E15: 2678 | F15: 1800 | G15: =F15/E15 -> 0.67214339 | H15: 34.3 | I15: 0.844
A16: Feb 2026 | B16: Utility Bill Payment | C16: Utilities | D16: Mobile App | E16: 15862 | F16: 14942 | G16: =F16/E16 -> 0.94199975 | H16: 2.9 | I16: 0.944
... A52: Jun 2026 | B52: Digital Signature Request | C52: Government | D52: Mobile App | E52: 2415 | F52: 2125 | G52: =F52/E52 -> 0.87991718 | H52: 8.1 | I52: 0.91
A53: TOTAL / AVG | B53: All services | E53: =SUM(E5:E52) -> 260580 | F53: =SUM(F5:F52) -> 228747 | G53: =F53/E53 -> 0.8778379 | H53: =AVERAGE(H5:H52) -> 17.21875 | I53: =AVERAGE(I5:I52) -> 0.88875

Sheet Service Summary
A1: Service Summary (H1 2026)
A2: Aggregated with live formulas from the Service Adoption sheet.
A4: Service | B4: Total Transactions | C4: Digital Transactions | D4: Digital Adoption % | E4: Avg Processing Time (mins) | F4: Avg Satisfaction %
A5: Business License Renewal | B5: =SUMIF('Service Adoption'!$B$5:$B$52,A5,'Service Adoption'!$E$5:$E$52) -> 27090 | C5: =SUMIF('Service Adoption'!$B$5:$B$52,A5,'Service Adoption'!$F$5:$F$52) -> 21969 | D5: =C5/B5 -> 0.81096346 | E5: =AVERAGEIF('Service Adoption'!$B$5:$B$52,A5,'Service Adoption'!$H$5:$H$52) -> 20.9 | F5: =AVERAGEIF('Service Adoption'!$B$5:$B$52,A5,'Service Adoption'!$I$5:$I$52) -> 0.89
A6: Traffic Fine Payment | B6: =SUMIF('Service Adoption'!$B$5:$B$52,A6,'Service Adoption'!$E$5:$E$52) -> 63210 | C6: =SUMIF('Service Adoption'!$B$5:$B$52,A6,'Service Adoption'!$F$5:$F$52) -> 58847 | D6: =C6/B6 -> 0.93097611 | E6: =AVERAGEIF('Service Adoption'!$B$5:$B$52,A6,'Service Adoption'!$H$5:$H$52) -> 3.8 | F6: =AVERAGEIF('Service Adoption'!$B$5:$B$52,A6,'Service Adoption'!$I$5:$I$52) -> 0.93
A7: Real Estate Registration | B7: =SUMIF('Service Adoption'!$B$5:$B$52,A7,'Service Adoption'!$E$5:$E$52) -> 16770 | C7: =SUMIF('Service Adoption'!$B$5:$B$52,A7,'Service Adoption'!$F$5:$F$52) -> 11588 | D7: =C7/B7 -> 0.69099583 | E7: =AVERAGEIF('Service Adoption'!$B$5:$B$52,A7,'Service Adoption'!$H$5:$H$52) -> 33.25 | F7: =AVERAGEIF('Service Adoption'!$B$5:$B$52,A7,'Service Adoption'!$I$5:$I$52) -> 0.85
A8: Utility Bill Payment | B8: =SUMIF('Service Adoption'!$B$5:$B$52,A8,'Service Adoption'!$E$5:$E$52) -> 99330 | C8: =SUMIF('Service Adoption'!$B$5:$B$52,A8,'Service Adoption'!$F$5:$F$52) -> 95365 | D8: =C8/B8 -> 0.96008255 | E8: =AVERAGEIF('Service Adoption'!$B$5:$B$52,A8,'Service Adoption'!$H$5:$H$52) -> 2.85 | F8: =AVERAGEIF('Service Adoption'!$B$5:$B$52,A8,'Service Adoption'!$I$5:$I$52) -> 0.95
A9: Social Support Application | B9: =SUMIF('Service Adoption'!$B$5:$B$52,A9,'Service Adoption'!$E$5:$E$52) -> 11610 | C9: =SUMIF('Service Adoption'!$B$5:$B$52,A9,'Service Adoption'!$F$5:$F$52) -> 6628 | D9: =C9/B9 -> 0.57088717 | E9: =AVERAGEIF('Service Adoption'!$B$5:$B$52,A9,'Service Adoption'!$H$5:$H$52) -> 45.6 | F9: =AVERAGEIF('Service Adoption'!$B$5:$B$52,A9,'Service Adoption'!$I$5:$I$52) -> 0.81
A10: Health Card Renewal | B10: =SUMIF('Service Adoption'!$B$5:$B$52,A10,'Service Adoption'!$E$5:$E$52) -> 21285 | C10: =SUMIF('Service Adoption'!$B$5:$B$52,A10,'Service Adoption'!$F$5:$F$52) -> 15772 | D10: =C10/B10 -> 0.74099131 | E10: =AVERAGEIF('Service Adoption'!$B$5:$B$52,A10,'Service Adoption'!$H$5:$H$52) -> 17.1 | F10: =AVERAGEIF('Service Adoption'!$B$5:$B$52,A10,'Service Adoption'!$I$5:$I$52) -> 0.87
A11: Workspace Booking | B11: =SUMIF('Service Adoption'!$B$5:$B$52,A11,'Service Adoption'!$E$5:$E$52) -> 7740 | C11: =SUMIF('Service Adoption'!$B$5:$B$52,A11,'Service Adoption'!$F$5:$F$52) -> 7051 | D11: =C11/B11 -> 0.91098191 | E11: =AVERAGEIF('Service Adoption'!$B$5:$B$52,A11,'Service Adoption'!$H$5:$H$52) -> 5.7 | F11: =AVERAGEIF('Service Adoption'!$B$5:$B$52,A11,'Service Adoption'!$I$5:$I$52) -> 0.91
A12: Digital Signature Request | B12: =SUMIF('Service Adoption'!$B$5:$B$52,A12,'Service Adoption'!$E$5:$E$52) -> 13545 | C12: =SUMIF('Service Adoption'!$B$5:$B$52,A12,'Service Adoption'!$F$5:$F$52) -> 11527 | D12: =C12/B12 -> 0.85101513 | E12: =AVERAGEIF('Service Adoption'!$B$5:$B$52,A12,'Service Adoption'!$H$5:$H$52) -> 8.55 | F12: =AVERAGEIF('Service Adoption'!$B$5:$B$52,A12,'Service Adoption'!$I$5:$I$52) -> 0.9
A13: TOTAL / AVG | B13: =SUM(B5:B12) -> 260580 | C13: =SUM(C5:C12) -> 228747 | D13: =C13/B13 -> 0.8778379 | E13: =AVERAGE(E5:E12) -> 17.21875 | F13: =AVERAGE(F5:F12) -> 0.88875
